record_id	seq	source:_origin	source:_feature_id	source:_mol_type	source:_origin_abr	source:_specimen_voucher	source:_organelle	source:_db_xref	source:_country	source:_organism	source:_identified_by	source:_collected_by	source:_collection_date	source:_PCR_primers	source:_lat_lon	source:_sub_species	source:_isolate	source:_original_id	source:_original_desc	taxonomy	origin	product	outgroup	prot_degen_prop	GC_content	codon_start	nuc_degen_prop	transl_table	feature_id	db_xref	origin_abr	translation	gene	organism	protein_id	EC_number	note
EF570307.1	AGGACA...CACCC		EF570307.1_source	genomic DNA		398	mitochondrion	taxon:462840	China: Guizhou	Gammarus glabratus	null	null	null	null	null	null	null	null	null	Eukaryota;Metazoa;Ecdysozoa;Arthropoda;Crustacea;Malacostraca;Eumalacostraca;Peracarida;Amphipoda;Senticaudata;Gammarida;Gammaridira;Gammaroidea;Gammaridae;Gammarus		cytochrome oxidase subunit I	outgroup	0.0	41.1023622047	1	0.0	5	EF570307.1_f0	GI:156187138		STSLSL...FFGHP	COI	Gammarus glabratus	ABU55823.1	null	null
EF570334.1	GGAGCT...CAACA		EF570334.1_source	genomic DNA		610	mitochondrion	taxon:52641	Netherlands	Gammarus pulex	null	null	null	null	null	null	null	null	null	Eukaryota;Metazoa;Ecdysozoa;Arthropoda;Crustacea;Malacostraca;Eumalacostraca;Peracarida;Amphipoda;Senticaudata;Gammarida;Gammaridira;Gammaroidea;Gammaridae;Gammarus		cytochrome oxidase subunit I	null	0.0047619047619	40.1898734177	1	0.00158227848101	5	EF570334.1_f0	GI:156187192		GAWASV...PILYQ	COI	Gammarus pulex	ABU55850.1	null	null
FJ581643.1	CACTTT...TGTTT		FJ581643.1_source	genomic DNA		L44AR2-02	mitochondrion	BOLD:WW615-08;taxon:178002	Canada: Quebec	Gammarus duebeni	Robert Chabot	Robert Chabot	01-Jun-2007	fwd_seq: tgtaaaacgacggccagtggtcaacaaatcataaagatattgg, rev_seq: caggaaacagctatgactaaacttcagggtgaccaaaaaatca	48.424 N 68.6052 W	null	null	null	null	Eukaryota;Metazoa;Ecdysozoa;Arthropoda;Crustacea;Malacostraca;Eumalacostraca;Peracarida;Amphipoda;Senticaudata;Gammarida;Gammaridira;Gammaroidea;Gammaridae;Gammarus		cytochrome oxidase subunit 1	outgroup	0.0	41.3373860182	2	0.0	5	FJ581643.1_f0	GI:220030060		TLYFIL...YQHLF	COI	Gammarus duebeni	ACL78980.1	null	null
FJ581688.1	GACCCT...TATTT		FJ581688.1_source	genomic DNA		EAVS12-03	mitochondrion	BOLD:WWGSL154-08;taxon:360729	Canada: Quebec	Gammarus tigrinus	null	Gesche Winkler	05-Jun-2007	fwd_seq: ggtcwacaaaycataaagayattgg, rev_seq: taaacytcaggrtgaccraaraayca	47.1491 N 70.5219 W	null	null	null	null	Eukaryota;Metazoa;Ecdysozoa;Arthropoda;Crustacea;Malacostraca;Eumalacostraca;Peracarida;Amphipoda;Senticaudata;Gammarida;Gammaridira;Gammaroidea;Gammaridae;Gammarus		cytochrome oxidase subunit 1	outgroup	0.0	39.2097264438	2	0.0	5	FJ581688.1_f0	GI:220030150		TLYFIL...YQHLF	COI	Gammarus tigrinus	ACL79025.1	null	null
JF965876.1	GGTGCC...CACCC		JF965876.1_source	genomic DNA		IZCASIA0896	mitochondrion	taxon:52638	Netherlands: Nijmegen	Gammarus fossarum	null	null	null	null	null	null	null	null	null	Eukaryota;Metazoa;Ecdysozoa;Arthropoda;Crustacea;Malacostraca;Eumalacostraca;Peracarida;Amphipoda;Senticaudata;Gammarida;Gammaridira;Gammaroidea;Gammaridae;Gammarus		cytochrome oxidase subunit 1	null	0.0	43.75	1	0.0	5	JF965876.1_f0	GI:346653986		GAWASV...FFGHP	COI	Gammarus fossarum	AEO44636.1	null	null
JF965877.1	GGTGCC...CACCC		JF965877.1_source	genomic DNA		IZCASIA0898	mitochondrion	taxon:52638	Netherlands	Gammarus fossarum	null	null	null	null	null	null	null	null	null	Eukaryota;Metazoa;Ecdysozoa;Arthropoda;Crustacea;Malacostraca;Eumalacostraca;Peracarida;Amphipoda;Senticaudata;Gammarida;Gammaridira;Gammaroidea;Gammaridae;Gammarus		cytochrome oxidase subunit 1	null	0.0	43.75	1	0.0	5	JF965877.1_f0	GI:346653988		GAWASV...FFGHP	COI	Gammarus fossarum	AEO44637.1	null	null
JF965878.1	TTGAGC...CCAAT		JF965878.1_source	genomic DNA		SLOCHN002	mitochondrion	taxon:52638	Slovenia: Koper	Gammarus fossarum	null	null	null	null	null	null	null	null	null	Eukaryota;Metazoa;Ecdysozoa;Arthropoda;Crustacea;Malacostraca;Eumalacostraca;Peracarida;Amphipoda;Senticaudata;Gammarida;Gammaridira;Gammaroidea;Gammaridae;Gammarus		cytochrome oxidase subunit 1	null	0.0	44.7154471545	2	0.0	5	JF965878.1_f0	GI:346653990		WASVVG...GGGDP	COI	Gammarus fossarum	AEO44638.1	null	null
JF965879.1	GGTGCC...CACCC		JF965879.1_source	genomic DNA		SLOCHN003	mitochondrion	taxon:52638	Slovenia: Bled	Gammarus fossarum	null	null	null	null	null	null	null	null	null	Eukaryota;Metazoa;Ecdysozoa;Arthropoda;Crustacea;Malacostraca;Eumalacostraca;Peracarida;Amphipoda;Senticaudata;Gammarida;Gammaridira;Gammaroidea;Gammaridae;Gammarus		cytochrome oxidase subunit 1	null	0.0	43.1402439024	1	0.0	5	JF965879.1_f0	GI:346653992		GAWASV...FFGHP	COI	Gammarus fossarum	AEO44639.1	null	null
JF965880.1	GGTGCC...GGTCA		JF965880.1_source	genomic DNA		SLOCHN004	mitochondrion	taxon:52638	Slovenia: Ilirska Bistrica	Gammarus fossarum	null	null	null	null	null	null	null	null	null	Eukaryota;Metazoa;Ecdysozoa;Arthropoda;Crustacea;Malacostraca;Eumalacostraca;Peracarida;Amphipoda;Senticaudata;Gammarida;Gammaridira;Gammaroidea;Gammaridae;Gammarus		cytochrome oxidase subunit 1	null	0.0	45.6355283308	1	0.0	5	JF965880.1_f0	GI:346653994		GAWASV...FWFFG	COI	Gammarus fossarum	AEO44640.1	null	null
JF965882.1	GTAGTA...CACCC		JF965882.1_source	genomic DNA		SLOCHN013	mitochondrion	taxon:52638	Croatia: Gerovo	Gammarus fossarum	null	null	null	null	null	null	null	null	null	Eukaryota;Metazoa;Ecdysozoa;Arthropoda;Crustacea;Malacostraca;Eumalacostraca;Peracarida;Amphipoda;Senticaudata;Gammarida;Gammaridira;Gammaroidea;Gammaridae;Gammarus		cytochrome oxidase subunit 1	null	0.0	44.7737909516	1	0.0	5	JF965882.1_f0	GI:346653998		VVGTSM...FFGHP	COI	Gammarus fossarum	AEO44642.1	null	null
JF965886.1	GGTGCT...CACCC		JF965886.1_source	genomic DNA		SLOCHN104	mitochondrion	taxon:52638	Germany: Regensburg	Gammarus fossarum	null	null	null	null	null	null	null	null	null	Eukaryota;Metazoa;Ecdysozoa;Arthropoda;Crustacea;Malacostraca;Eumalacostraca;Peracarida;Amphipoda;Senticaudata;Gammarida;Gammaridira;Gammaroidea;Gammaridae;Gammarus		cytochrome oxidase subunit 1	null	0.0	41.7682926829	1	0.0	5	JF965886.1_f0	GI:346654006		GAWASL...FFGHP	COI	Gammarus fossarum	AEO44646.1	null	null
JF965887.1	GGTGCC...CACCC		JF965887.1_source	genomic DNA		SLOCHN108	mitochondrion	taxon:52638	France: Les Ardillats	Gammarus fossarum	null	null	null	null	null	null	null	null	null	Eukaryota;Metazoa;Ecdysozoa;Arthropoda;Crustacea;Malacostraca;Eumalacostraca;Peracarida;Amphipoda;Senticaudata;Gammarida;Gammaridira;Gammaroidea;Gammaridae;Gammarus		cytochrome oxidase subunit 1	null	0.0	43.9024390244	1	0.0	5	JF965887.1_f0	GI:346654008		GAWASV...FFGHP	COI	Gammarus fossarum	AEO44647.1	null	null
JF965888.1	GGTGCT...CACCC		JF965888.1_source	genomic DNA		SLOCHN115	mitochondrion	taxon:52638	Czech Republic: S.C. Budejovice	Gammarus fossarum	null	null	null	null	null	null	null	null	null	Eukaryota;Metazoa;Ecdysozoa;Arthropoda;Crustacea;Malacostraca;Eumalacostraca;Peracarida;Amphipoda;Senticaudata;Gammarida;Gammaridira;Gammaroidea;Gammaridae;Gammarus		cytochrome oxidase subunit 1	null	0.0	41.9207317073	1	0.0	5	JF965888.1_f0	GI:346654010		GAWASL...FFGHP	COI	Gammarus fossarum	AEO44648.1	null	null
JF965889.1	GGTGCC...TCACC		JF965889.1_source	genomic DNA		SLOCHN134	mitochondrion	taxon:52638	Bosnia and Herzegovina: Bihac	Gammarus fossarum	null	null	null	null	null	null	null	null	null	Eukaryota;Metazoa;Ecdysozoa;Arthropoda;Crustacea;Malacostraca;Eumalacostraca;Peracarida;Amphipoda;Senticaudata;Gammarida;Gammaridira;Gammaroidea;Gammaridae;Gammarus		cytochrome oxidase subunit 1	null	0.0	44.427480916	1	0.0	5	JF965889.1_f0	GI:346654012		GAWAGV...WFFGH	COI	Gammarus fossarum	AEO44649.1	null	null
JF965890.1	GGCGCT...CACCC		JF965890.1_source	genomic DNA		SLOCHN140	mitochondrion	taxon:52638	Germany: Bremen	Gammarus fossarum	null	null	null	null	null	null	null	null	null	Eukaryota;Metazoa;Ecdysozoa;Arthropoda;Crustacea;Malacostraca;Eumalacostraca;Peracarida;Amphipoda;Senticaudata;Gammarida;Gammaridira;Gammaroidea;Gammaridae;Gammarus		cytochrome oxidase subunit 1	null	0.0	41.9207317073	1	0.0	5	JF965890.1_f0	GI:346654014		GAWASV...FFGHP	COI	Gammarus fossarum	AEO44650.1	null	null
JF965891.1	GGTGCT...CACCC		JF965891.1_source	genomic DNA		SLOCHN151	mitochondrion	taxon:52638	France: Montes Dore	Gammarus fossarum	null	null	null	null	null	null	null	null	null	Eukaryota;Metazoa;Ecdysozoa;Arthropoda;Crustacea;Malacostraca;Eumalacostraca;Peracarida;Amphipoda;Senticaudata;Gammarida;Gammaridira;Gammaroidea;Gammaridae;Gammarus		cytochrome oxidase subunit 1	null	0.0	42.2256097561	1	0.0	5	JF965891.1_f0	GI:346654016		GAWASV...FFGHP	COI	Gammarus fossarum	AEO44651.1	null	null
JF965892.1	GGTGCC...CACCC		JF965892.1_source	genomic DNA		SLOCHN164	mitochondrion	taxon:52638	France: Montes Dore	Gammarus fossarum	null	null	null	null	null	null	null	null	null	Eukaryota;Metazoa;Ecdysozoa;Arthropoda;Crustacea;Malacostraca;Eumalacostraca;Peracarida;Amphipoda;Senticaudata;Gammarida;Gammaridira;Gammaroidea;Gammaridae;Gammarus		cytochrome oxidase subunit 1	null	0.0	44.8170731707	1	0.0	5	JF965892.1_f0	GI:346654018		GAWASV...FFGHP	COI	Gammarus fossarum	AEO44652.1	null	null
JF965893.1	GGTGCT...ACCCA		JF965893.1_source	genomic DNA		SLOCHN230	mitochondrion	taxon:52638	Serbia: Bela Palanka	Gammarus fossarum	null	null	null	null	null	null	null	null	null	Eukaryota;Metazoa;Ecdysozoa;Arthropoda;Crustacea;Malacostraca;Eumalacostraca;Peracarida;Amphipoda;Senticaudata;Gammarida;Gammaridira;Gammaroidea;Gammaridae;Gammarus		cytochrome oxidase subunit 1	null	0.0	45.7928802589	1	0.0	5	JF965893.1_f0	GI:346654020		GAWASV...GGGDP	COI	Gammarus fossarum	AEO44653.1	null	null
JF965895.1	GGTGCC...CACCC		JF965895.1_source	genomic DNA		SLOCHN098	mitochondrion	taxon:52638	Slovenia: Vipava	Gammarus fossarum	null	null	null	null	null	null	null	null	null	Eukaryota;Metazoa;Ecdysozoa;Arthropoda;Crustacea;Malacostraca;Eumalacostraca;Peracarida;Amphipoda;Senticaudata;Gammarida;Gammaridira;Gammaroidea;Gammaridae;Gammarus		cytochrome oxidase subunit 1	null	0.0	45.1219512195	1	0.0	5	JF965895.1_f0	GI:346654024		GAWASV...FFGHP	COI	Gammarus fossarum	AEO44655.1	null	null
JF965897.1	GTGTTT...CAATC		JF965897.1_source	genomic DNA		SLOCHN014	mitochondrion	taxon:52638	Croatia: Zagreb	Gammarus fossarum	null	null	null	null	null	null	null	null	null	Eukaryota;Metazoa;Ecdysozoa;Arthropoda;Crustacea;Malacostraca;Eumalacostraca;Peracarida;Amphipoda;Senticaudata;Gammarida;Gammaridira;Gammaroidea;Gammaridae;Gammarus		cytochrome oxidase subunit 1	null	0.0	42.4342105263	3	0.0	5	JF965897.1_f0	GI:346654028		VLGTSL...GGDPI	COI	Gammarus fossarum	AEO44657.1	null	null
JF965898.1	GATATG...CGATC		JF965898.1_source	genomic DNA		SLOCHN119	mitochondrion	taxon:52638	Italy: Trieste	Gammarus fossarum	null	null	null	null	null	null	null	null	null	Eukaryota;Metazoa;Ecdysozoa;Arthropoda;Crustacea;Malacostraca;Eumalacostraca;Peracarida;Amphipoda;Senticaudata;Gammarida;Gammaridira;Gammaroidea;Gammaridae;Gammarus		cytochrome oxidase subunit 1	null	0.0	43.8848920863	1	0.0	5	JF965898.1_f0	GI:346654030		DMAFPR...GGDPI	COI	Gammarus fossarum	AEO44658.1	null	null
JF965914.1	GGCGCC...CACCC		JF965914.1_source	genomic DNA		SLOCHN136	mitochondrion	taxon:315706	Bosnia and Herzegovina: Konjic	Gammarus balcanicus	null	null	null	null	null	null	null	null	null	Eukaryota;Metazoa;Ecdysozoa;Arthropoda;Crustacea;Malacostraca;Eumalacostraca;Peracarida;Amphipoda;Senticaudata;Gammarida;Gammaridira;Gammaroidea;Gammaridae;Gammarus		cytochrome oxidase subunit 1	outgroup	0.0	41.4634146341	1	0.0	5	JF965914.1_f0	GI:346654062		GAWASV...FFGHP	COI	Gammarus balcanicus	AEO44674.1	null	null
JF965939.1	TGACTA...CACCC		JF965939.1_source	genomic DNA		SLOCHN022	mitochondrion	taxon:52641	Sweden: Uppsala	Gammarus pulex	null	null	null	null	null	null	null	null	null	Eukaryota;Metazoa;Ecdysozoa;Arthropoda;Crustacea;Malacostraca;Eumalacostraca;Peracarida;Amphipoda;Senticaudata;Gammarida;Gammaridira;Gammaroidea;Gammaridae;Gammarus		cytochrome oxidase subunit 1	null	0.0	40.3697996918	3	0.0	5	JF965939.1_f0	GI:346654112		TSVVGT...FFGHP	COI	Gammarus pulex	AEO44699.1	null	null
JF965940.1	GGAGCT...CACCC		JF965940.1_source	genomic DNA		SLOCHN105	mitochondrion	taxon:52641	Germany: Regensburg	Gammarus pulex	null	null	null	null	null	null	null	null	null	Eukaryota;Metazoa;Ecdysozoa;Arthropoda;Crustacea;Malacostraca;Eumalacostraca;Peracarida;Amphipoda;Senticaudata;Gammarida;Gammaridira;Gammaroidea;Gammaridae;Gammarus		cytochrome oxidase subunit 1	null	0.0	40.243902439	1	0.0	5	JF965940.1_f0	GI:346654114		GAWASV...FFGHP	COI	Gammarus pulex	AEO44700.1	null	null
JF965941.1	GGAGCT...GTCAC		JF965941.1_source	genomic DNA		SLOCHN154	mitochondrion	taxon:52641	France: Viry	Gammarus pulex	null	null	null	null	null	null	null	null	null	Eukaryota;Metazoa;Ecdysozoa;Arthropoda;Crustacea;Malacostraca;Eumalacostraca;Peracarida;Amphipoda;Senticaudata;Gammarida;Gammaridira;Gammaroidea;Gammaridae;Gammarus		cytochrome oxidase subunit 1	null	0.0	40.0611620795	1	0.0	5	JF965941.1_f0	GI:346654116		GAWASV...WFFGH	COI	Gammarus pulex	AEO44701.1	null	null
JF965942.1	GGAGCT...GTCAC		JF965942.1_source	genomic DNA		SLOCHN155	mitochondrion	taxon:52641	France: Outrancourt	Gammarus pulex	null	null	null	null	null	null	null	null	null	Eukaryota;Metazoa;Ecdysozoa;Arthropoda;Crustacea;Malacostraca;Eumalacostraca;Peracarida;Amphipoda;Senticaudata;Gammarida;Gammaridira;Gammaroidea;Gammaridae;Gammarus		cytochrome oxidase subunit 1	null	0.0	39.755351682	1	0.0	5	JF965942.1_f0	GI:346654118		GAWASV...WFFGH	COI	Gammarus pulex	AEO44702.1	null	null
JF965943.1	GGGGCT...CACCC		JF965943.1_source	genomic DNA		SLOCHN176	mitochondrion	taxon:52641	Sweden	Gammarus pulex	null	null	null	null	null	null	null	null	null	Eukaryota;Metazoa;Ecdysozoa;Arthropoda;Crustacea;Malacostraca;Eumalacostraca;Peracarida;Amphipoda;Senticaudata;Gammarida;Gammaridira;Gammaroidea;Gammaridae;Gammarus		cytochrome oxidase subunit 1	null	0.0	40.3963414634	1	0.0	5	JF965943.1_f0	GI:346654120		GAWASV...FFGHP	COI	Gammarus pulex	AEO44703.1	null	null
JF965945.1	GGTGCT...GTCAC		JF965945.1_source	genomic DNA		SLOCHN080	mitochondrion	taxon:1080770	France: Nice	Gammarus pulex gallicus	null	null	null	null	null	gallicus	null	null	null	Eukaryota;Metazoa;Ecdysozoa;Arthropoda;Crustacea;Malacostraca;Eumalacostraca;Peracarida;Amphipoda;Senticaudata;Gammarida;Gammaridira;Gammaroidea;Gammaridae;Gammarus		cytochrome oxidase subunit 1	null	0.0	42.0489296636	1	0.0	5	JF965945.1_f0	GI:346654124		GAWASV...WFFGH	COI	Gammarus pulex gallicus	AEO44705.1	null	null
JF965952.1	GGTGCT...CACCC		JF965952.1_source	genomic DNA		SLOCHN225	mitochondrion	taxon:1080772	Macedonia: Ohrid	Gammarus roeselii	null	null	null	null	null	null	null	null	null	Eukaryota;Metazoa;Ecdysozoa;Arthropoda;Crustacea;Malacostraca;Eumalacostraca;Peracarida;Amphipoda;Senticaudata;Gammarida;Gammaridira;Gammaroidea;Gammaridae;Gammarus		cytochrome oxidase subunit 1	outgroup	0.0	41.4634146341	1	0.0	5	JF965952.1_f0	GI:346654138		GAWASA...FFGHP	COI	Gammarus roeselii	AEO44712.1	null	null
JN900489.1	ACCTCA...ATCTA		JN900489.1_source	genomic DNA		null	mitochondrion	taxon:52638	Germany	Gammarus fossarum	null	A. Feckler	null	fwd_name: lco1490, fwd_seq: ggtcaacaaatcataaagatattgg, rev_name: hco2198, rev_seq: taaacttcagggtgaccaaaaaatca	null	null	HAI01	null	null	Eukaryota;Metazoa;Ecdysozoa;Arthropoda;Crustacea;Malacostraca;Eumalacostraca;Peracarida;Amphipoda;Senticaudata;Gammarida;Gammaridira;Gammaroidea;Gammaridae;Gammarus		cytochrome c oxidase subunit I	null	0.0	41.6216216216	1	0.0	5	JN900489.1_f0	GI:379046938		TSLSVI...TDRNL	null	Gammarus fossarum	AFC88089.1	1.9.3.1	transmembrane protein
JN900490.1	ACCTCA...ACCTG		JN900490.1_source	genomic DNA		null	mitochondrion	taxon:52638	Germany	Gammarus fossarum	null	A. Feckler	null	fwd_name: lco1490, fwd_seq: ggtcaacaaatcataaagatattgg, rev_name: hco2198, rev_seq: taaacttcagggtgaccaaaaaatca	null	null	NEU07	null	null	Eukaryota;Metazoa;Ecdysozoa;Arthropoda;Crustacea;Malacostraca;Eumalacostraca;Peracarida;Amphipoda;Senticaudata;Gammarida;Gammaridira;Gammaroidea;Gammaridae;Gammarus		cytochrome c oxidase subunit I	null	0.0	42.8828828829	1	0.0	5	JN900490.1_f0	GI:379046940		TSLSMV...TDRNL	null	Gammarus fossarum	AFC88090.1	1.9.3.1	transmembrane protein
JN900491.1	ACCTCA...ATCTA		JN900491.1_source	genomic DNA		null	mitochondrion	taxon:52638	Germany	Gammarus fossarum	null	A. Feckler	null	fwd_name: lco1490, fwd_seq: ggtcaacaaatcataaagatattgg, rev_name: hco2198, rev_seq: taaacttcagggtgaccaaaaaatca	null	null	STJ08	null	null	Eukaryota;Metazoa;Ecdysozoa;Arthropoda;Crustacea;Malacostraca;Eumalacostraca;Peracarida;Amphipoda;Senticaudata;Gammarida;Gammaridira;Gammaroidea;Gammaridae;Gammarus		cytochrome c oxidase subunit I	null	0.00540540540541	41.6216216216	1	0.0018018018018	5	JN900491.1_f0	GI:379046942		TSLSVI...TDRNL	null	Gammarus fossarum	AFC88091.1	1.9.3.1	transmembrane protein
KF521802.1	AACCTT...TATTT		KF521802.1_source	genomic DNA		Gf_Cro8_03	mitochondrion	BOLD:GFOEU034-13.COI-5P;taxon:52638	Croatia	Gammarus fossarum	null	null	null	fwd_seq: taaacttcagggtgaccaaaaaatca, rev_seq: ggtcaacaaatcataaagatattgg	45.07 N 15.42 E	null	null	null	null	Eukaryota;Metazoa;Ecdysozoa;Arthropoda;Crustacea;Malacostraca;Eumalacostraca;Peracarida;Amphipoda;Senticaudata;Gammarida;Gammaridira;Gammaroidea;Gammaridae;Gammarus		cytochrome oxidase subunit 1	null	0.0	39.0577507599	2	0.0	5	KF521802.1_f0	GI:537361370		TLYFIL...YQHLF	COI	Gammarus fossarum	AGU43680.1	null	null
KF521803.1	AACCTT...TATTT		KF521803.1_source	genomic DNA		Gf_Cro8_02	mitochondrion	BOLD:GFOEU033-13.COI-5P;taxon:52638	Croatia	Gammarus fossarum	null	null	null	fwd_seq: taaacttcagggtgaccaaaaaatca, rev_seq: ggtcaacaaatcataaagatattgg	45.07 N 15.42 E	null	null	null	null	Eukaryota;Metazoa;Ecdysozoa;Arthropoda;Crustacea;Malacostraca;Eumalacostraca;Peracarida;Amphipoda;Senticaudata;Gammarida;Gammaridira;Gammaroidea;Gammaridae;Gammarus		cytochrome oxidase subunit 1	null	0.0	39.0577507599	2	0.0	5	KF521803.1_f0	GI:537361372		TLYFIL...YQHLF	COI	Gammarus fossarum	AGU43681.1	null	null
KF521804.1	AACCTT...CATTA		KF521804.1_source	genomic DNA		Gf_Cro8_01	mitochondrion	BOLD:GFOEU032-13.COI-5P;taxon:52638	Croatia	Gammarus fossarum	null	null	null	fwd_seq: taaacttcagggtgaccaaaaaatca, rev_seq: ggtcaacaaatcataaagatattgg	45.07 N 15.42 E	null	null	null	null	Eukaryota;Metazoa;Ecdysozoa;Arthropoda;Crustacea;Malacostraca;Eumalacostraca;Peracarida;Amphipoda;Senticaudata;Gammarida;Gammaridira;Gammaroidea;Gammaridae;Gammarus		cytochrome oxidase subunit 1	null	0.0	39.8760330579	1	0.0	5	KF521804.1_f0	GI:537361374		NLMDDD...LAGAI	COI	Gammarus fossarum	AGU43682.1	null	null
KF521805.1	AACCCT...CACAT		KF521805.1_source	genomic DNA		Gf_Cro5_02	mitochondrion	BOLD:GFOEU031-13.COI-5P;taxon:52638	Croatia	Gammarus fossarum	null	null	null	fwd_seq: taaacttcagggtgaccaaaaaatca, rev_seq: ggtcaacaaatcataaagatattgg	45.42 N 13.92 E	null	null	null	null	Eukaryota;Metazoa;Ecdysozoa;Arthropoda;Crustacea;Malacostraca;Eumalacostraca;Peracarida;Amphipoda;Senticaudata;Gammarida;Gammaridira;Gammaroidea;Gammaridae;Gammarus		cytochrome oxidase subunit 1	null	0.0	43.6363636364	2	0.0	5	KF521805.1_f0	GI:537361376		TLYFIL...RNLNT	COI	Gammarus fossarum	AGU43683.1	null	null
KF521806.1	AACCCT...ACACA		KF521806.1_source	genomic DNA		Gf_Cro5_01	mitochondrion	BOLD:GFOEU030-13.COI-5P;taxon:52638	Croatia	Gammarus fossarum	null	null	null	fwd_seq: taaacttcagggtgaccaaaaaatca, rev_seq: ggtcaacaaatcataaagatattgg	45.42 N 13.92 E	null	null	null	null	Eukaryota;Metazoa;Ecdysozoa;Arthropoda;Crustacea;Malacostraca;Eumalacostraca;Peracarida;Amphipoda;Senticaudata;Gammarida;Gammaridira;Gammaroidea;Gammaridae;Gammarus		cytochrome oxidase subunit 1	null	0.0	44.0397350993	2	0.0	5	KF521806.1_f0	GI:537361378		TLYFIL...RNLNT	COI	Gammarus fossarum	AGU43684.1	null	null
KF521807.1	CCTTAT...CCTAT		KF521807.1_source	genomic DNA		Gf_Ger6_16	mitochondrion	BOLD:GFOEU029-13.COI-5P;taxon:52638	Germany: Baden-Wuerttemberg, Ulm, Nau	Gammarus fossarum	null	null	null	fwd_seq: taaacttcagggtgaccaaaaaatca, rev_seq: ggtcaacaaatcataaagatattgg	48.5 N 10.14 E	null	null	null	null	Eukaryota;Metazoa;Ecdysozoa;Arthropoda;Crustacea;Malacostraca;Eumalacostraca;Peracarida;Amphipoda;Senticaudata;Gammarida;Gammaridira;Gammaroidea;Gammaridae;Gammarus		cytochrome oxidase subunit 1	null	0.0	40.9785932722	3	0.0	5	KF521807.1_f0	GI:537361380		LYFILG...LYQHL	COI	Gammarus fossarum	AGU43685.1	null	null
KF521808.1	AACCTT...TATTT		KF521808.1_source	genomic DNA		Gf_Ger6_15	mitochondrion	BOLD:GFOEU028-13.COI-5P;taxon:52638	Germany: Baden-Wuerttemberg, Ulm, Nau	Gammarus fossarum	null	null	null	fwd_seq: taaacttcagggtgaccaaaaaatca, rev_seq: ggtcaacaaatcataaagatattgg	48.5 N 10.14 E	null	null	null	null	Eukaryota;Metazoa;Ecdysozoa;Arthropoda;Crustacea;Malacostraca;Eumalacostraca;Peracarida;Amphipoda;Senticaudata;Gammarida;Gammaridira;Gammaroidea;Gammaridae;Gammarus		cytochrome oxidase subunit 1	null	0.0	40.7294832827	2	0.0	5	KF521808.1_f0	GI:537361382		TLYFIL...YQHLF	COI	Gammarus fossarum	AGU43686.1	null	null
KF521809.1	AACCTT...AATAC		KF521809.1_source	genomic DNA		Gf_Ger6_14	mitochondrion	BOLD:GFOEU027-13.COI-5P;taxon:52638	Germany: Baden-Wuerttemberg, Ulm, Nau	Gammarus fossarum	null	null	null	fwd_seq: taaacttcagggtgaccaaaaaatca, rev_seq: ggtcaacaaatcataaagatattgg	48.5 N 10.14 E	null	null	null	null	Eukaryota;Metazoa;Ecdysozoa;Arthropoda;Crustacea;Malacostraca;Eumalacostraca;Peracarida;Amphipoda;Senticaudata;Gammarida;Gammaridira;Gammaroidea;Gammaridae;Gammarus		cytochrome oxidase subunit 1	null	0.0	40.9618573798	2	0.0	5	KF521809.1_f0	GI:537361384		TLYFIL...RNLNT	COI	Gammarus fossarum	AGU43687.1	null	null
KF521810.1	AACCTT...TATTT		KF521810.1_source	genomic DNA		Gf_Ger6_13	mitochondrion	BOLD:GFOEU026-13.COI-5P;taxon:52638	Germany: Baden-Wuerttemberg, Ulm, Nau	Gammarus fossarum	null	null	null	fwd_seq: taaacttcagggtgaccaaaaaatca, rev_seq: ggtcaacaaatcataaagatattgg	48.5 N 10.14 E	null	null	null	null	Eukaryota;Metazoa;Ecdysozoa;Arthropoda;Crustacea;Malacostraca;Eumalacostraca;Peracarida;Amphipoda;Senticaudata;Gammarida;Gammaridira;Gammaroidea;Gammaridae;Gammarus		cytochrome oxidase subunit 1	null	0.0	40.7294832827	2	0.0	5	KF521810.1_f0	GI:537361386		TLYFIL...YQHLF	COI	Gammarus fossarum	AGU43688.1	null	null
KF521811.1	AACCTT...ACCTA		KF521811.1_source	genomic DNA		Gf_Ger6_12	mitochondrion	BOLD:GFOEU025-13.COI-5P;taxon:52638	Germany: Baden-Wuerttemberg, Ulm, Nau	Gammarus fossarum	null	null	null	fwd_seq: taaacttcagggtgaccaaaaaatca, rev_seq: ggtcaacaaatcataaagatattgg	48.5 N 10.14 E	null	null	null	null	Eukaryota;Metazoa;Ecdysozoa;Arthropoda;Crustacea;Malacostraca;Eumalacostraca;Peracarida;Amphipoda;Senticaudata;Gammarida;Gammaridira;Gammaroidea;Gammaridae;Gammarus		cytochrome oxidase subunit 1	null	0.0	40.9160305344	2	0.0	5	KF521811.1_f0	GI:537361388		TLYFIL...LYQHL	COI	Gammarus fossarum	AGU43689.1	null	null
KF521812.1	AACCTT...TATTT		KF521812.1_source	genomic DNA		Gf_Ger6_11	mitochondrion	BOLD:GFOEU024-13.COI-5P;taxon:52638	Germany: Baden-Wuerttemberg, Ulm, Nau	Gammarus fossarum	null	null	null	fwd_seq: taaacttcagggtgaccaaaaaatca, rev_seq: ggtcaacaaatcataaagatattgg	48.5 N 10.14 E	null	null	null	null	Eukaryota;Metazoa;Ecdysozoa;Arthropoda;Crustacea;Malacostraca;Eumalacostraca;Peracarida;Amphipoda;Senticaudata;Gammarida;Gammaridira;Gammaroidea;Gammaridae;Gammarus		cytochrome oxidase subunit 1	null	0.0	40.8814589666	2	0.0	5	KF521812.1_f0	GI:537361390		TLYFIL...YQHLF	COI	Gammarus fossarum	AGU43690.1	null	null
KF521813.1	AACCTT...TATTT		KF521813.1_source	genomic DNA		Gf_Ger6_10	mitochondrion	BOLD:GFOEU023-13.COI-5P;taxon:52638	Germany: Baden-Wuerttemberg, Ulm, Nau	Gammarus fossarum	null	null	null	fwd_seq: taaacttcagggtgaccaaaaaatca, rev_seq: ggtcaacaaatcataaagatattgg	48.5 N 10.14 E	null	null	null	null	Eukaryota;Metazoa;Ecdysozoa;Arthropoda;Crustacea;Malacostraca;Eumalacostraca;Peracarida;Amphipoda;Senticaudata;Gammarida;Gammaridira;Gammaroidea;Gammaridae;Gammarus		cytochrome oxidase subunit 1	null	0.0	40.8814589666	2	0.0	5	KF521813.1_f0	GI:537361392		TLYFIL...YQHLF	COI	Gammarus fossarum	AGU43691.1	null	null
KF521814.1	AACCTT...TATTT		KF521814.1_source	genomic DNA		Gf_Ger6_09	mitochondrion	BOLD:GFOEU022-13.COI-5P;taxon:52638	Germany: Baden-Wuerttemberg, Ulm, Nau	Gammarus fossarum	null	null	null	fwd_seq: taaacttcagggtgaccaaaaaatca, rev_seq: ggtcaacaaatcataaagatattgg	48.5 N 10.14 E	null	null	null	null	Eukaryota;Metazoa;Ecdysozoa;Arthropoda;Crustacea;Malacostraca;Eumalacostraca;Peracarida;Amphipoda;Senticaudata;Gammarida;Gammaridira;Gammaroidea;Gammaridae;Gammarus		cytochrome oxidase subunit 1	null	0.0	40.8814589666	2	0.0	5	KF521814.1_f0	GI:537361394		TLYFIL...YQHLF	COI	Gammarus fossarum	AGU43692.1	null	null
KF521815.1	AACCTT...TATTT		KF521815.1_source	genomic DNA		Gf_Ger6_08	mitochondrion	BOLD:GFOEU021-13.COI-5P;taxon:52638	Germany: Baden-Wuerttemberg, Ulm, Nau	Gammarus fossarum	null	null	null	fwd_seq: taaacttcagggtgaccaaaaaatca, rev_seq: ggtcaacaaatcataaagatattgg	48.5 N 10.14 E	null	null	null	null	Eukaryota;Metazoa;Ecdysozoa;Arthropoda;Crustacea;Malacostraca;Eumalacostraca;Peracarida;Amphipoda;Senticaudata;Gammarida;Gammaridira;Gammaroidea;Gammaridae;Gammarus		cytochrome oxidase subunit 1	null	0.0	40.8814589666	2	0.0	5	KF521815.1_f0	GI:537361396		TLYFIL...YQHLF	COI	Gammarus fossarum	AGU43693.1	null	null
KF521816.1	AACCTT...TATTT		KF521816.1_source	genomic DNA		Gf_Ger6_07	mitochondrion	BOLD:GFOEU020-13.COI-5P;taxon:52638	Germany: Baden-Wuerttemberg, Ulm, Nau	Gammarus fossarum	null	null	null	fwd_seq: taaacttcagggtgaccaaaaaatca, rev_seq: ggtcaacaaatcataaagatattgg	48.5 N 10.14 E	null	null	null	null	Eukaryota;Metazoa;Ecdysozoa;Arthropoda;Crustacea;Malacostraca;Eumalacostraca;Peracarida;Amphipoda;Senticaudata;Gammarida;Gammaridira;Gammaroidea;Gammaridae;Gammarus		cytochrome oxidase subunit 1	null	0.0	40.8814589666	2	0.0	5	KF521816.1_f0	GI:537361398		TLYFIL...YQHLF	COI	Gammarus fossarum	AGU43694.1	null	null
KF521817.1	AACCTT...TATTT		KF521817.1_source	genomic DNA		Gf_Ger6_06	mitochondrion	BOLD:GFOEU019-13.COI-5P;taxon:52638	Germany: Baden-Wuerttemberg, Ulm, Nau	Gammarus fossarum	null	null	null	fwd_seq: taaacttcagggtgaccaaaaaatca, rev_seq: ggtcaacaaatcataaagatattgg	48.5 N 10.14 E	null	null	null	null	Eukaryota;Metazoa;Ecdysozoa;Arthropoda;Crustacea;Malacostraca;Eumalacostraca;Peracarida;Amphipoda;Senticaudata;Gammarida;Gammaridira;Gammaroidea;Gammaridae;Gammarus		cytochrome oxidase subunit 1	null	0.0	41.0334346505	2	0.0	5	KF521817.1_f0	GI:537361400		TLYFIL...YQHLF	COI	Gammarus fossarum	AGU43695.1	null	null
KF521818.1	AACCTT...TATTT		KF521818.1_source	genomic DNA		Gf_Ger6_05	mitochondrion	BOLD:GFOEU018-13.COI-5P;taxon:52638	Germany: Baden-Wuerttemberg, Ulm, Nau	Gammarus fossarum	null	null	null	fwd_seq: taaacttcagggtgaccaaaaaatca, rev_seq: ggtcaacaaatcataaagatattgg	48.5 N 10.14 E	null	null	null	null	Eukaryota;Metazoa;Ecdysozoa;Arthropoda;Crustacea;Malacostraca;Eumalacostraca;Peracarida;Amphipoda;Senticaudata;Gammarida;Gammaridira;Gammaroidea;Gammaridae;Gammarus		cytochrome oxidase subunit 1	null	0.0	40.8814589666	2	0.0	5	KF521818.1_f0	GI:537361402		TLYFIL...YQHLF	COI	Gammarus fossarum	AGU43696.1	null	null
KF521819.1	AACCTT...TATTT		KF521819.1_source	genomic DNA		Gf_Ger6_04	mitochondrion	BOLD:GFOEU017-13.COI-5P;taxon:52638	Germany: Baden-Wuerttemberg, Ulm, Nau	Gammarus fossarum	null	null	null	fwd_seq: taaacttcagggtgaccaaaaaatca, rev_seq: ggtcaacaaatcataaagatattgg	48.5 N 10.14 E	null	null	null	null	Eukaryota;Metazoa;Ecdysozoa;Arthropoda;Crustacea;Malacostraca;Eumalacostraca;Peracarida;Amphipoda;Senticaudata;Gammarida;Gammaridira;Gammaroidea;Gammaridae;Gammarus		cytochrome oxidase subunit 1	null	0.0	40.7294832827	2	0.0	5	KF521819.1_f0	GI:537361404		TLYFIL...YQHLF	COI	Gammarus fossarum	AGU43697.1	null	null
KF521820.1	AACCTT...TATTT		KF521820.1_source	genomic DNA		Gf_Ger6_03	mitochondrion	BOLD:GFOEU016-13.COI-5P;taxon:52638	Germany: Baden-Wuerttemberg, Ulm, Nau	Gammarus fossarum	null	null	null	fwd_seq: taaacttcagggtgaccaaaaaatca, rev_seq: ggtcaacaaatcataaagatattgg	48.5 N 10.14 E	null	null	null	null	Eukaryota;Metazoa;Ecdysozoa;Arthropoda;Crustacea;Malacostraca;Eumalacostraca;Peracarida;Amphipoda;Senticaudata;Gammarida;Gammaridira;Gammaroidea;Gammaridae;Gammarus		cytochrome oxidase subunit 1	null	0.0	40.8814589666	2	0.0	5	KF521820.1_f0	GI:537361406		TLYFIL...YQHLF	COI	Gammarus fossarum	AGU43698.1	null	null
KF521821.1	AACCTT...TATTT		KF521821.1_source	genomic DNA		Gf_Ger6_02	mitochondrion	BOLD:GFOEU015-13.COI-5P;taxon:52638	Germany: Baden-Wuerttemberg, Ulm, Nau	Gammarus fossarum	null	null	null	fwd_seq: taaacttcagggtgaccaaaaaatca, rev_seq: ggtcaacaaatcataaagatattgg	48.5 N 10.14 E	null	null	null	null	Eukaryota;Metazoa;Ecdysozoa;Arthropoda;Crustacea;Malacostraca;Eumalacostraca;Peracarida;Amphipoda;Senticaudata;Gammarida;Gammaridira;Gammaroidea;Gammaridae;Gammarus		cytochrome oxidase subunit 1	null	0.0	40.7294832827	2	0.0	5	KF521821.1_f0	GI:537361408		TLYFIL...YQHLF	COI	Gammarus fossarum	AGU43699.1	null	null
KF521822.1	AACCTT...TATTT		KF521822.1_source	genomic DNA		Gf_Ger6_01	mitochondrion	BOLD:GFOEU014-13.COI-5P;taxon:52638	Germany: Baden-Wuerttemberg, Ulm, Nau	Gammarus fossarum	null	null	null	fwd_seq: taaacttcagggtgaccaaaaaatca, rev_seq: ggtcaacaaatcataaagatattgg	48.5 N 10.14 E	null	null	null	null	Eukaryota;Metazoa;Ecdysozoa;Arthropoda;Crustacea;Malacostraca;Eumalacostraca;Peracarida;Amphipoda;Senticaudata;Gammarida;Gammaridira;Gammaroidea;Gammaridae;Gammarus		cytochrome oxidase subunit 1	null	0.0	40.8814589666	2	0.0	5	KF521822.1_f0	GI:537361410		TLYFIL...YQHLF	COI	Gammarus fossarum	AGU43700.1	null	null
KF521823.1	AACTTT...TTTTT		KF521823.1_source	genomic DNA		Gf_BF_N7	mitochondrion	BOLD:GFOEU013-13.COI-5P;taxon:52638	Germany: Baden-Wuerttemberg, Black Forest, Kienbaechle	Gammarus fossarum	null	null	null	fwd_seq: taaacttcagggtgaccaaaaaatca, rev_seq: ggtcaacaaatcataaagatattgg	48.5 N 8.31 E	null	null	null	null	Eukaryota;Metazoa;Ecdysozoa;Arthropoda;Crustacea;Malacostraca;Eumalacostraca;Peracarida;Amphipoda;Senticaudata;Gammarida;Gammaridira;Gammaroidea;Gammaridae;Gammarus		cytochrome oxidase subunit 1	null	0.0	36.8248772504	2	0.0	5	KF521823.1_f0	GI:537361412		TLYFIL...LNTSF	COI	Gammarus fossarum	AGU43701.1	null	null
KF521824.1	AACTTT...TATTC		KF521824.1_source	genomic DNA		Gf_BF_N6	mitochondrion	BOLD:GFOEU012-13.COI-5P;taxon:52638	Germany: Baden-Wuerttemberg, Black Forest, Kienbaechle	Gammarus fossarum	null	null	null	fwd_seq: taaacttcagggtgaccaaaaaatca, rev_seq: ggtcaacaaatcataaagatattgg	48.5 N 8.31 E	null	null	null	null	Eukaryota;Metazoa;Ecdysozoa;Arthropoda;Crustacea;Malacostraca;Eumalacostraca;Peracarida;Amphipoda;Senticaudata;Gammarida;Gammaridira;Gammaroidea;Gammaridae;Gammarus		cytochrome oxidase subunit 1	null	0.0	37.3860182371	2	0.0	5	KF521824.1_f0	GI:537361414		TLYFIL...YQHLF	COI	Gammarus fossarum	AGU43702.1	null	null
KF521825.1	AACTTT...TATTC		KF521825.1_source	genomic DNA		Gf_BF_N5	mitochondrion	BOLD:GFOEU011-13.COI-5P;taxon:52638	Germany: Baden-Wuerttemberg, Black Forest, Kienbaechle	Gammarus fossarum	null	null	null	fwd_seq: taaacttcagggtgaccaaaaaatca, rev_seq: ggtcaacaaatcataaagatattgg	48.5 N 8.31 E	null	null	null	null	Eukaryota;Metazoa;Ecdysozoa;Arthropoda;Crustacea;Malacostraca;Eumalacostraca;Peracarida;Amphipoda;Senticaudata;Gammarida;Gammaridira;Gammaroidea;Gammaridae;Gammarus		cytochrome oxidase subunit 1	null	0.0	37.3860182371	2	0.0	5	KF521825.1_f0	GI:537361416		TLYFIL...YQHLF	COI	Gammarus fossarum	AGU43703.1	null	null
KF521826.1	AACTTT...TATTC		KF521826.1_source	genomic DNA		Gf_BF_N4	mitochondrion	BOLD:GFOEU010-13.COI-5P;taxon:52638	Germany: Baden-Wuerttemberg, Black Forest, Kienbaechle	Gammarus fossarum	null	null	null	fwd_seq: taaacttcagggtgaccaaaaaatca, rev_seq: ggtcaacaaatcataaagatattgg	48.5 N 8.31 E	null	null	null	null	Eukaryota;Metazoa;Ecdysozoa;Arthropoda;Crustacea;Malacostraca;Eumalacostraca;Peracarida;Amphipoda;Senticaudata;Gammarida;Gammaridira;Gammaroidea;Gammaridae;Gammarus		cytochrome oxidase subunit 1	null	0.0	37.3860182371	2	0.0	5	KF521826.1_f0	GI:537361418		TLYFIL...YQHLF	COI	Gammarus fossarum	AGU43704.1	null	null
KF521827.1	AACTTT...TATTC		KF521827.1_source	genomic DNA		Gf_BF_N3	mitochondrion	BOLD:GFOEU009-13.COI-5P;taxon:52638	Germany: Baden-Wuerttemberg, Black Forest, Kienbaechle	Gammarus fossarum	null	null	null	fwd_seq: taaacttcagggtgaccaaaaaatca, rev_seq: ggtcaacaaatcataaagatattgg	48.5 N 8.31 E	null	null	null	null	Eukaryota;Metazoa;Ecdysozoa;Arthropoda;Crustacea;Malacostraca;Eumalacostraca;Peracarida;Amphipoda;Senticaudata;Gammarida;Gammaridira;Gammaroidea;Gammaridae;Gammarus		cytochrome oxidase subunit 1	null	0.0	37.3860182371	2	0.0	5	KF521827.1_f0	GI:537361420		TLYFIL...YQHLF	COI	Gammarus fossarum	AGU43705.1	null	null
KF521828.1	AACTTT...TATTC		KF521828.1_source	genomic DNA		Gf_BF_N2	mitochondrion	BOLD:GFOEU008-13.COI-5P;taxon:52638	Germany: Baden-Wuerttemberg, Black Forest, Kienbaechle	Gammarus fossarum	null	null	null	fwd_seq: taaacttcagggtgaccaaaaaatca, rev_seq: ggtcaacaaatcataaagatattgg	48.5 N 8.31 E	null	null	null	null	Eukaryota;Metazoa;Ecdysozoa;Arthropoda;Crustacea;Malacostraca;Eumalacostraca;Peracarida;Amphipoda;Senticaudata;Gammarida;Gammaridira;Gammaroidea;Gammaridae;Gammarus		cytochrome oxidase subunit 1	null	0.0	37.537993921	2	0.0	5	KF521828.1_f0	GI:537361422		TLYFIL...YQHLF	COI	Gammarus fossarum	AGU43706.1	null	null
KF521829.1	AACTTT...TATTC		KF521829.1_source	genomic DNA		Gf_BF_N1	mitochondrion	BOLD:GFOEU007-13.COI-5P;taxon:52638	Germany: Baden-Wuerttemberg, Black Forest, Kienbaechle	Gammarus fossarum	null	null	null	fwd_seq: taaacttcagggtgaccaaaaaatca, rev_seq: ggtcaacaaatcataaagatattgg	48.5 N 8.31 E	null	null	null	null	Eukaryota;Metazoa;Ecdysozoa;Arthropoda;Crustacea;Malacostraca;Eumalacostraca;Peracarida;Amphipoda;Senticaudata;Gammarida;Gammaridira;Gammaroidea;Gammaridae;Gammarus		cytochrome oxidase subunit 1	null	0.0	37.3860182371	2	0.0	5	KF521829.1_f0	GI:537361424		TLYFIL...YQHLF	COI	Gammarus fossarum	AGU43707.1	null	null
KF521830.1	AACCTT...TATTT		KF521830.1_source	genomic DNA		Gf_BF_S3	mitochondrion	BOLD:GFOEU006-13.COI-5P;taxon:52638	Germany: Baden-Wuerttemberg, Black Forest, Schoenenbach	Gammarus fossarum	null	null	null	fwd_seq: taaacttcagggtgaccaaaaaatca, rev_seq: ggtcaacaaatcataaagatattgg	47.83 N 7.93 E	null	null	null	null	Eukaryota;Metazoa;Ecdysozoa;Arthropoda;Crustacea;Malacostraca;Eumalacostraca;Peracarida;Amphipoda;Senticaudata;Gammarida;Gammaridira;Gammaroidea;Gammaridae;Gammarus		cytochrome oxidase subunit 1	null	0.0	41.4893617021	2	0.0	5	KF521830.1_f0	GI:537361426		TLYFIL...YQHLF	COI	Gammarus fossarum	AGU43708.1	null	null
KF521831.1	AACCTT...TATTT		KF521831.1_source	genomic DNA		Gf_BF_S2	mitochondrion	BOLD:GFOEU005-13.COI-5P;taxon:52638	Germany: Baden-Wuerttemberg, Black Forest, Schoenenbach	Gammarus fossarum	null	null	null	fwd_seq: taaacttcagggtgaccaaaaaatca, rev_seq: ggtcaacaaatcataaagatattgg	47.83 N 7.93 E	null	null	null	null	Eukaryota;Metazoa;Ecdysozoa;Arthropoda;Crustacea;Malacostraca;Eumalacostraca;Peracarida;Amphipoda;Senticaudata;Gammarida;Gammaridira;Gammaroidea;Gammaridae;Gammarus		cytochrome oxidase subunit 1	null	0.0	41.641337386	2	0.0	5	KF521831.1_f0	GI:537361428		TLYFIL...YQHLF	COI	Gammarus fossarum	AGU43709.1	null	null
KF521832.1	AACCTT...TATTT		KF521832.1_source	genomic DNA		Gf_BF_S1	mitochondrion	BOLD:GFOEU004-13.COI-5P;taxon:52638	Germany: Baden-Wuerttemberg, Black Forest, Gustbach	Gammarus fossarum	null	null	null	fwd_seq: taaacttcagggtgaccaaaaaatca, rev_seq: ggtcaacaaatcataaagatattgg	47.85 N 8 E	null	null	null	null	Eukaryota;Metazoa;Ecdysozoa;Arthropoda;Crustacea;Malacostraca;Eumalacostraca;Peracarida;Amphipoda;Senticaudata;Gammarida;Gammaridira;Gammaroidea;Gammaridae;Gammarus		cytochrome oxidase subunit 1	null	0.0	41.641337386	2	0.0	5	KF521832.1_f0	GI:537361430		TLYFIL...YQHLF	COI	Gammarus fossarum	AGU43710.1	null	null
KF521833.1	AACCTT...TATTT		KF521833.1_source	genomic DNA		Gf_Sl_W1	mitochondrion	BOLD:GFOEU003-13.COI-5P;taxon:52638	Germany: North Rhine-Westphalia, Sauerland, Nimmer Bach	Gammarus fossarum	null	null	null	fwd_seq: taaacttcagggtgaccaaaaaatca, rev_seq: ggtcaacaaatcataaagatattgg	51.35 N 7.68 E	null	null	null	null	Eukaryota;Metazoa;Ecdysozoa;Arthropoda;Crustacea;Malacostraca;Eumalacostraca;Peracarida;Amphipoda;Senticaudata;Gammarida;Gammaridira;Gammaroidea;Gammaridae;Gammarus		cytochrome oxidase subunit 1	null	0.0	43.3130699088	2	0.0	5	KF521833.1_f0	GI:537361432		TLYFIL...YQHLF	COI	Gammarus fossarum	AGU43711.1	null	null
KF521834.1	AACCTT...TATTT		KF521834.1_source	genomic DNA		Gf_Sl_W2	mitochondrion	BOLD:GFOEU002-13.COI-5P;taxon:52638	Germany: North Rhine-Westphalia, Sauerland, Gruener Bach	Gammarus fossarum	null	null	null	fwd_seq: taaacttcagggtgaccaaaaaatca, rev_seq: ggtcaacaaatcataaagatattgg	51.32 N 7.57 E	null	null	null	null	Eukaryota;Metazoa;Ecdysozoa;Arthropoda;Crustacea;Malacostraca;Eumalacostraca;Peracarida;Amphipoda;Senticaudata;Gammarida;Gammaridira;Gammaroidea;Gammaridae;Gammarus		cytochrome oxidase subunit 1	null	0.0	43.3130699088	2	0.0	5	KF521834.1_f0	GI:537361434		TLYFIL...YQHLF	COI	Gammarus fossarum	AGU43712.1	null	null
KF521835.1	AACCTT...TATTT		KF521835.1_source	genomic DNA		Gf_Sl_O1	mitochondrion	BOLD:GFOEU001-13.COI-5P;taxon:52638	Germany: North Rhine-Westphalia, Sauerland, Leisse	Gammarus fossarum	null	null	null	fwd_seq: taaacttcagggtgaccaaaaaatca, rev_seq: ggtcaacaaatcataaagatattgg	51.2 N 8.32 E	null	null	null	null	Eukaryota;Metazoa;Ecdysozoa;Arthropoda;Crustacea;Malacostraca;Eumalacostraca;Peracarida;Amphipoda;Senticaudata;Gammarida;Gammaridira;Gammaroidea;Gammaridae;Gammarus		cytochrome oxidase subunit 1	null	0.0	41.641337386	2	0.0	5	KF521835.1_f0	GI:537361436		TLYFIL...YQHLF	COI	Gammarus fossarum	AGU43713.1	null	null
denovo0	GGGGCT...AAACT	Sanger	denovo0_source	null	*	null	null	null	null	Gammarus pulex	null	null	null	null	null	null	null	R_Taff_G.pulex_HCO2198		['null']	Sanger	null	null	null	41.0745233969	null	0.0	null	denovo0_f0	null	*	null	MT-CO1	Gammarus pulex	null	null	null
denovo1	TCCGGT...TAATC	Sanger	denovo1_source	null	*	null	null	null	null	Gammarus fossarum	null	null	null	null	null	null	null	Little_Stour_G_fossarum_2_HCO2198		['null']	Sanger	null	null	null	41.9475655431	null	0.0	null	denovo1_f0	null	*	null	MT-CO1	Gammarus fossarum	null	null	null
denovo2	TCCGGT...TAATC	Sanger	denovo2_source	null	*	null	null	null	null	Gammarus fossarum	null	null	null	null	null	null	null	R_Taff_G_fossarum_1_HCO2198		['null']	Sanger	null	null	null	42.1348314607	null	0.0	null	denovo2_f0	null	*	null	MT-CO1	Gammarus fossarum	null	null	null
denovo3	TCCGGT...TAATC	Sanger	denovo3_source	null	*	null	null	null	null	Gammarus fossarum	null	null	null	null	null	null	null	R_Taff_G_fossarum_2_HCO2198		['null']	Sanger	null	null	null	42.3220973783	null	0.0	null	denovo3_f0	null	*	null	MT-CO1	Gammarus fossarum	null	null	null
denovo4	TCCGGT...TAATC	Sanger	denovo4_source	null	*	null	null	null	null	Gammarus fossarum	null	null	null	null	null	null	null	R_Taff_G_fossarum_3_HCO2198		['null']	Sanger	null	null	null	42.3220973783	null	0.0	null	denovo4_f0	null	*	null	MT-CO1	Gammarus fossarum	null	null	null
denovo5	TCCGGT...AGTTC	Sanger	denovo5_source	null	*	null	null	null	null	Gammarus fossarum	null	null	null	null	null	null	null	Little_Stour_G_fossarum_1_HCO2198		['null']	Sanger	null	null	null	41.6161616162	null	0.0020202020202	null	denovo5_f0	null	*	null	MT-CO1	Gammarus fossarum	null	null	null
denovo6	CAGTAT...ACACT	metabarcoding	denovo6_source	null	+	null	null	null	null	Gammarus pulex	null	null	null	null	null	null	null	Gammarus_pulex|INV049|1_2107_17799_10892_1_ex		['null']	metabarcoding	null	null	null	43.6137071651	null	0.0	null	denovo6_f0	null	+	null	MT-CO1	Gammarus pulex	null	null	null
denovo7	CCCTTA...TTTTG	metabarcoding	denovo7_source	null	+	null	null	null	null	Gammarus fossarum	null	null	null	null	null	null	null	Gammarus_fossarum|INV056|1_2103_19324_14240_1_ex		['null']	metabarcoding	null	null	null	43.5331230284	null	0.0	null	denovo7_f0	null	+	null	MT-CO1	Gammarus fossarum	null	null	null
